packetDropIncorrectlyReceived:vector(packetBytes) multicast_Network.router.ppp[1].ppp (#0 - General-0-20241229-13:17:26-2348),
22.53154355704,176
22.65154355704,176
22.77154355704,176
22.93154355704,176
23.09154355704,176
23.45254355704,301
23.89254355704,301
23.93254355704,301
24.09254355704,301
24.97354355704,426
25.09354355704,426
25.21354355704,426
25.29354355704,426
25.33354355704,426
25.49454355704,551
25.65454355704,551
25.81454355704,551
25.85454355704,551
25.93454355704,551
26.25454355704,551
26.29454355704,551
26.37454355704,551
26.41454355704,551
26.45554355704,676
26.49554355704,676
26.61554355704,676
26.81554355704,676
26.89554355704,676
26.93554355704,676
27.01554355704,676
27.25554355704,676
27.33554355704,676
27.45654355704,801
27.57654355704,801
27.61654355704,801
27.69654355704,801
27.85654355704,801
27.93654355704,801
27.97654355704,801
28.01654355704,801
28.05654355704,801
28.29654355704,801
28.33654355704,801
28.45754355704,926
28.57754355704,926
28.69754355704,926
28.73754355704,926
28.77754355704,926
28.81754355704,926
28.85754355704,926
28.89754355704,926
29.01754355704,926
29.05754355704,926
29.09754355704,926
29.13754355704,926
29.17754355704,926
29.21754355704,926
29.33754355704,926
29.41754355704,926
29.49854355704,1051
29.53854355704,1051
29.61854355704,1051
29.65854355704,1051
29.69854355704,1051
29.81854355704,1051
29.85854355704,1051
29.89854355704,1051
29.93854355704,1051
30.01854355704,1051
30.13854355704,1051
30.25854355704,1051
30.37854355704,1051
30.41854355704,1051
30.45954355704,1176
30.49954355704,1176
30.53954355704,1176
30.57954355704,1176
30.61954355704,1176
30.65954355704,1176
30.73954355704,1176
30.77954355704,1176
30.81954355704,1176
30.85954355704,1176
30.93954355704,1176
31.01954355704,1176
31.13954355704,1176
31.21954355704,1176
31.25954355704,1176
31.29954355704,1176
31.33954355704,1176
31.37954355704,1176
31.46054355704,1301
31.50054355704,1301
31.58054355704,1301
31.70054355704,1301
31.74054355704,1301
31.78054355704,1301
31.94054355704,1301
31.98054355704,1301
32.02054355704,1301
32.06054355704,1301
32.14054355704,1301
32.18054355704,1301
32.22054355704,1301
32.26054355704,1301
32.30054355704,1301
32.38054355704,1301
32.42054355704,1301
32.46154355704,1426
32.54154355704,1426
32.62154355704,1426
32.70154355704,1426
32.74154355704,1426
32.78154355704,1426
32.82154355704,1426
32.86154355704,1426
32.94154355704,1426
32.98154355704,1426
33.02154355704,1426
33.10154355704,1426
33.14154355704,1426
33.18154355704,1426
33.22154355704,1426
33.30154355704,1426
33.38154355704,1426
33.42154355704,1426
33.46254355704,1551
33.50254355704,1551
33.54254355704,1551
33.58254355704,1551
33.62254355704,1551
33.66254355704,1551
33.70254355704,1551
33.82254355704,1551
33.86254355704,1551
33.90254355704,1551
34.02254355704,1551
34.10254355704,1551
34.14254355704,1551
34.22254355704,1551
34.26254355704,1551
34.30254355704,1551
34.34254355704,1551
34.38254355704,1551
34.42254355704,1551
34.46354355704,1676
34.50354355704,1676
34.54354355704,1676
34.58354355704,1676
34.62354355704,1676
34.66354355704,1676
34.70354355704,1676
34.78354355704,1676
34.82354355704,1676
34.86354355704,1676
34.98354355704,1676
35.10354355704,1676
35.14354355704,1676
35.18354355704,1676
35.22354355704,1676
35.26354355704,1676
35.34354355704,1676
35.38354355704,1676
35.46454355704,1801
35.54454355704,1801
35.58454355704,1801
35.62454355704,1801
35.66454355704,1801
35.74454355704,1801
35.78454355704,1801
35.82454355704,1801
35.90454355704,1801
35.94454355704,1801
35.98454355704,1801
36.02454355704,1801
36.06454355704,1801
36.10454355704,1801
36.14454355704,1801
36.18454355704,1801
36.22454355704,1801
36.30454355704,1801
36.34454355704,1801
36.38454355704,1801
36.42454355704,1801
36.50554355704,1926
36.54554355704,1926
36.62554355704,1926
36.70554355704,1926
36.74554355704,1926
36.82554355704,1926
36.86554355704,1926
36.94554355704,1926
36.98554355704,1926
37.02554355704,1926
37.06554355704,1926
37.22554355704,1926
37.26554355704,1926
37.30554355704,1926
37.34554355704,1926
37.38554355704,1926
37.42554355704,1926
37.50654355704,2051
37.54654355704,2051
37.62654355704,2051
37.66654355704,2051
37.70654355704,2051
37.74654355704,2051
37.82654355704,2051
37.86654355704,2051
37.90654355704,2051
37.94654355704,2051
37.98654355704,2051
38.02654355704,2051
38.06654355704,2051
38.10654355704,2051
38.14654355704,2051
38.18654355704,2051
38.26654355704,2051
38.30654355704,2051
38.34654355704,2051
38.38654355704,2051
38.42654355704,2051
38.46754355704,2176
38.50754355704,2176
38.54754355704,2176
38.58754355704,2176
38.62754355704,2176
38.66754355704,2176
38.70754355704,2176
38.74754355704,2176
38.82754355704,2176
38.86754355704,2176
38.90754355704,2176
38.94754355704,2176
38.98754355704,2176
39.02754355704,2176
39.06754355704,2176
39.10754355704,2176
39.14754355704,2176
39.18754355704,2176
39.22754355704,2176
39.30754355704,2176
39.34754355704,2176
39.38754355704,2176
39.42754355704,2176
39.46854355704,2301
39.50854355704,2301
39.54854355704,2301
39.58854355704,2301
39.62854355704,2301
39.70854355704,2301
39.74854355704,2301
39.78854355704,2301
39.86854355704,2301
39.90854355704,2301
39.94854355704,2301
39.98854355704,2301
40.02854355704,2301
40.06854355704,2301
40.14854355704,2301
40.18854355704,2301
40.22854355704,2301
40.26854355704,2301
40.30854355704,2301
40.34854355704,2301
40.38854355704,2301
40.42854355704,2301
40.46954355704,2426
40.50954355704,2426
40.54954355704,2426
40.58954355704,2426
40.62954355704,2426
40.66954355704,2426
40.70954355704,2426
40.74954355704,2426
40.78954355704,2426
40.82954355704,2426
40.86954355704,2426
40.90954355704,2426
40.98954355704,2426
41.06954355704,2426
41.10954355704,2426
41.14954355704,2426
41.18954355704,2426
41.22954355704,2426
41.26954355704,2426
41.30954355704,2426
41.34954355704,2426
41.38954355704,2426
41.42954355704,2426
41.47054355704,2551
41.51054355704,2551
41.529849119468,103
41.55054355704,2551
41.59054355704,2551
41.63054355704,2551
41.71054355704,2551
41.75054355704,2551
41.79054355704,2551
41.83054355704,2551
41.87054355704,2551
41.91054355704,2551
41.95054355704,2551
41.99054355704,2551
42.03054355704,2551
42.15054355704,2551
42.19054355704,2551
42.23054355704,2551
42.27054355704,2551
42.31054355704,2551
42.35054355704,2551
42.39054355704,2551
42.43054355704,2551
42.47154355704,2676
42.51154355704,2676
42.55154355704,2676
42.59154355704,2676
42.63154355704,2676
42.67154355704,2676
42.75154355704,2676
42.79154355704,2676
42.83154355704,2676
42.87154355704,2676
42.99154355704,2676
43.03154355704,2676
43.07154355704,2676
43.11154355704,2676
43.15154355704,2676
43.19154355704,2676
43.23154355704,2676
43.27154355704,2676
43.31154355704,2676
43.35154355704,2676
43.39154355704,2676
43.43154355704,2676
43.47254355704,2801
43.55254355704,2801
43.59254355704,2801
43.63254355704,2801
43.67254355704,2801
43.71254355704,2801
43.75254355704,2801
43.79254355704,2801
43.83254355704,2801
43.87254355704,2801
43.91254355704,2801
43.95254355704,2801
43.99254355704,2801
44.03254355704,2801
44.07254355704,2801
44.11254355704,2801
44.15254355704,2801
44.23254355704,2801
44.27254355704,2801
44.31254355704,2801
44.35254355704,2801
44.39254355704,2801
44.43254355704,2801
44.47354355704,2926
44.51354355704,2926
44.63354355704,2926
44.67354355704,2926
44.71354355704,2926
44.75354355704,2926
44.79354355704,2926
44.83354355704,2926
44.87354355704,2926
44.91354355704,2926
44.95354355704,2926
44.99354355704,2926
45.03354355704,2926
45.07354355704,2926
45.11354355704,2926
45.15354355704,2926
45.19354355704,2926
45.23354355704,2926
45.27354355704,2926
45.31354355704,2926
45.35354355704,2926
45.39354355704,2926
45.43354355704,2926
45.47454355704,3051
45.51454355704,3051
45.55454355704,3051
45.59454355704,3051
45.63454355704,3051
45.714875921417,3051
45.75454355704,3051
45.79454355704,3051
45.83454355704,3051
45.87454355704,3051
45.91454355704,3051
45.95454355704,3051
45.99454355704,3051
46.03454355704,3051
46.07454355704,3051
46.11454355704,3051
46.15454355704,3051
46.19454355704,3051
46.23454355704,3051
46.27454355704,3051
46.31454355704,3051
46.35454355704,3051
46.39454355704,3051
46.43454355704,3051
46.47554355704,3176
46.51554355704,3176
46.55554355704,3176
46.59554355704,3176
46.63554355704,3176
46.67554355704,3176
46.71554355704,3176
46.75554355704,3176
46.79554355704,3176
46.83554355704,3176
46.87554355704,3176
46.95554355704,3176
46.99554355704,3176
47.03554355704,3176
47.07554355704,3176
47.11554355704,3176
47.15554355704,3176
47.19554355704,3176
47.23554355704,3176
47.27554355704,3176
47.31554355704,3176
47.35554355704,3176
47.39554355704,3176
47.43554355704,3176
47.47654355704,3301
47.51654355704,3301
47.55654355704,3301
47.59654355704,3301
47.63654355704,3301
47.67654355704,3301
47.71654355704,3301
47.75654355704,3301
47.79654355704,3301
47.83654355704,3301
47.91654355704,3301
47.95654355704,3301
47.99654355704,3301
48.03654355704,3301
48.07654355704,3301
48.11654355704,3301
48.15654355704,3301
48.19654355704,3301
48.27654355704,3301
48.31654355704,3301
48.35654355704,3301
48.39654355704,3301
48.43654355704,3301
48.47754355704,3426
48.51754355704,3426
48.55754355704,3426
48.59754355704,3426
48.63754355704,3426
48.67754355704,3426
48.71754355704,3426
48.79754355704,3426
48.83754355704,3426
48.87754355704,3426
48.91754355704,3426
48.99754355704,3426
49.03754355704,3426
49.07754355704,3426
49.11754355704,3426
49.15754355704,3426
49.19754355704,3426
49.23754355704,3426
49.27754355704,3426
49.35754355704,3426
49.39754355704,3426
49.43754355704,3426
49.47854355704,3551
49.51854355704,3551
49.55854355704,3551
49.59854355704,3551
49.63854355704,3551
49.67854355704,3551
49.71854355704,3551
49.75854355704,3551
49.79854355704,3551
49.83854355704,3551
49.87854355704,3551
49.91854355704,3551
49.99854355704,3551
50.03854355704,3551
50.07854355704,3551
50.11854355704,3551
50.15854355704,3551
50.23854355704,3551
50.27854355704,3551
50.31854355704,3551
50.35854355704,3551
50.39854355704,3551
50.43854355704,3551
50.47954355704,3676
50.51954355704,3676
50.55954355704,3676
50.59954355704,3676
50.63954355704,3676
50.67954355704,3676
50.71954355704,3676
50.75954355704,3676
50.79954355704,3676
50.83954355704,3676
50.87954355704,3676
50.91954355704,3676
50.99954355704,3676
51.07954355704,3676
51.11954355704,3676
51.15954355704,3676
51.19954355704,3676
51.23954355704,3676
51.27954355704,3676
51.31954355704,3676
51.35954355704,3676
51.39954355704,3676
51.43954355704,3676
51.48054355704,3801
51.52054355704,3801
51.56054355704,3801
51.60054355704,3801
51.64054355704,3801
51.68054355704,3801
51.72054355704,3801
51.76054355704,3801
51.80054355704,3801
51.84054355704,3801
51.88054355704,3801
51.92054355704,3801
51.96054355704,3801
52.00054355704,3801
52.04054355704,3801
52.08054355704,3801
52.12054355704,3801
52.16054355704,3801
52.20054355704,3801
52.24054355704,3801
52.28054355704,3801
52.32054355704,3801
52.36054355704,3801
52.40054355704,3801
52.44054355704,3801
52.48154355704,3926
52.52154355704,3926
52.56154355704,3926
52.60154355704,3926
52.64154355704,3926
52.68154355704,3926
52.72154355704,3926
52.76154355704,3926
52.80154355704,3926
52.84154355704,3926
52.88154355704,3926
52.92154355704,3926
52.96154355704,3926
53.00154355704,3926
53.04154355704,3926
53.08154355704,3926
53.12154355704,3926
53.16154355704,3926
53.24154355704,3926
53.28154355704,3926
53.32154355704,3926
53.36154355704,3926
53.40154355704,3926
53.44154355704,3926
53.48254355704,4051
53.52254355704,4051
53.56254355704,4051
53.60254355704,4051
53.64254355704,4051
53.68254355704,4051
53.72254355704,4051
53.76254355704,4051
53.80254355704,4051
53.84254355704,4051
53.88254355704,4051
53.92254355704,4051
53.96254355704,4051
54.00254355704,4051
54.04254355704,4051
54.08254355704,4051
54.12254355704,4051
54.16254355704,4051
54.20254355704,4051
54.24254355704,4051
54.28254355704,4051
54.32254355704,4051
54.36254355704,4051
54.40254355704,4051
54.44254355704,4051
54.48354355704,4176
54.52354355704,4176
54.56354355704,4176
54.60354355704,4176
54.64354355704,4176
54.68354355704,4176
54.72354355704,4176
54.76354355704,4176
54.80354355704,4176
54.88354355704,4176
54.92354355704,4176
54.96354355704,4176
55.00354355704,4176
55.04354355704,4176
55.08354355704,4176
55.12354355704,4176
55.16354355704,4176
55.20354355704,4176
55.24354355704,4176
55.28354355704,4176
55.32354355704,4176
55.36354355704,4176
55.40354355704,4176
55.44354355704,4176
55.48454355704,4301
55.52454355704,4301
55.56454355704,4301
55.60454355704,4301
55.64454355704,4301
55.68454355704,4301
55.72454355704,4301
55.76454355704,4301
55.80454355704,4301
55.88454355704,4301
55.96454355704,4301
56.00454355704,4301
56.04454355704,4301
56.08454355704,4301
56.12454355704,4301
56.16454355704,4301
56.20454355704,4301
56.28454355704,4301
56.32454355704,4301
56.36454355704,4301
56.40454355704,4301
56.44454355704,4301
56.48554355704,4426
56.52554355704,4426
56.60554355704,4426
56.64554355704,4426
56.68554355704,4426
56.72554355704,4426
56.76554355704,4426
56.80554355704,4426
56.84554355704,4426
56.88554355704,4426
56.92554355704,4426
56.96554355704,4426
57.00554355704,4426
57.04554355704,4426
57.08554355704,4426
57.12554355704,4426
57.16554355704,4426
57.20554355704,4426
57.24554355704,4426
57.28554355704,4426
57.32554355704,4426
57.36554355704,4426
57.40554355704,4426
57.44554355704,4426
57.48587155704,4467
57.52587155704,4467
57.56587155704,4467
57.60587155704,4467
57.64587155704,4467
57.68587155704,4467
57.72587155704,4467
57.76587155704,4467
57.80587155704,4467
57.84587155704,4467
57.88587155704,4467
57.92587155704,4467
57.96587155704,4467
58.00587155704,4467
58.04587155704,4467
58.08587155704,4467
58.08695155704,135
58.12587155704,4467
58.16587155704,4467
58.20587155704,4467
58.24587155704,4467
58.28587155704,4467
58.28695155704,135
58.32587155704,4467
58.32695155704,135
58.36587155704,4467
58.36695155704,135
58.40587155704,4467
58.40695155704,135
58.44587155704,4467
58.52587155704,4467
58.56587155704,4467
58.56795155704,260
58.60587155704,4467
58.60795155704,260
58.64587155704,4467
58.64795155704,260
58.68587155704,4467
58.72587155704,4467
58.72795155704,260
58.76587155704,4467
58.80587155704,4467
58.84587155704,4467
58.88587155704,4467
58.88795155704,260
58.92587155704,4467
58.96587155704,4467
58.96795155704,260
59.00587155704,4467
59.04587155704,4467
59.08587155704,4467
59.16587155704,4467
59.20587155704,4467
59.20795155704,260
59.24587155704,4467
59.28587155704,4467
59.32587155704,4467
59.36587155704,4467
59.40795155704,260
59.44587155704,4467
59.48587155704,4467
59.52587155704,4467
59.56587155704,4467
59.60587155704,4467
59.64587155704,4467
59.68587155704,4467
59.68895155704,385
59.72587155704,4467
59.76587155704,4467
59.80587155704,4467
59.80895155704,385
59.84587155704,4467
59.88587155704,4467
59.88895155704,385
59.96587155704,4467
60.00587155704,4467
60.04587155704,4467
60.08587155704,4467
60.08895155704,385
60.12587155704,4467
60.16587155704,4467
60.16895155704,385
60.20587155704,4467
60.24587155704,4467
60.28587155704,4467
60.32587155704,4467
60.36587155704,4467
60.40587155704,4467
60.44587155704,4467
60.48587155704,4467
60.52587155704,4467
60.56587155704,4467
60.60587155704,4467
60.64587155704,4467
60.68587155704,4467
60.72587155704,4467
60.72995155704,510
60.76651155704,4467
60.80632755704,4467
60.84614355704,4467
60.88595955704,4467
60.89003955704,510
60.92587155704,4467
60.96587155704,4467
61.00587155704,4467
61.04587155704,4467
61.04995155704,510
61.08587155704,4467
61.12587155704,4467
61.12995155704,510
61.16587155704,4467
61.16995155704,510
61.20587155704,4467
61.20995155704,510
61.24587155704,4467
61.24995155704,510
61.28587155704,4467
61.32587155704,4467
61.36587155704,4467
61.36995155704,510
61.40587155704,4467
61.44587155704,4467
61.48587155704,4467
61.52668755704,4467
61.56750355704,4467
61.60831955704,4467
61.61339955704,635
61.64913555704,4467
61.65421555704,635
61.68995155704,4467
61.73076755704,4467
61.77158355704,4467
61.81239955704,4467
61.85321555704,4467
61.85829555704,635
61.89403155704,4467
61.93484755704,4467
61.93992755704,635
61.97566355704,4467
62.01647955704,4467
62.05729555704,4467
62.09811155704,4467
62.10319155704,635
62.13892755704,4467
62.14400755704,635
62.17974355704,4467
62.22055955704,4467
62.26137555704,4467
62.26645555704,635
62.30219155704,4467
62.30727155704,635
62.34300755704,4467
62.34808755704,635
62.38382355704,4467
62.42463955704,4467
62.46545555704,4467
